SALE TYPE,SOLD DATE,PROPERTY TYPE,ADDRESS,CITY,STATE OR PROVINCE,ZIP OR POSTAL CODE,PRICE,BEDS,BATHS,LOCATION,SQUARE FEET,LOT SIZE,YEAR BUILT,DAYS ON MARKET,$/SQUARE FEET,HOA/MONTH,STATUS,NEXT OPEN HOUSE START TIME,NEXT OPEN HOUSE END TIME,URL (SEE http://www.redfin.com/buy-a-home/comparative-market-analysis FOR INFO ON PRICING),SOURCE,MLS#,FAVORITE,INTERESTED,LATITUDE,LONGITUDE
MLS Listing,,Condo/Co-op,858 N Monterey St,Alhambra,CA,91801,618000,3,2.5,601 - Alhambra,2007,63503,1980,10,308,395,Active,,,http://www.redfin.com/CA/Alhambra/858-N-Monterey-St-91801/home/7009797,CRMLS,PF20100916,N,Y,34.104653,-118.130196
MLS Listing,,Single Family Residential,301 S Cordova St,Alhambra,CA,91801,888000,4,2.25,601 - Alhambra,1860,8502,1910,51,477,,Active,,,http://www.redfin.com/CA/Alhambra/301-S-Cordova-St-91801/home/7021634,CRMLS,PF20074284,N,Y,34.0958052,-118.1171334
MLS Listing,,Multi-Family (2-4 Unit),821 S Olive Ave,Alhambra,CA,91803,888000,4,2.0,601 - Alhambra,1364,5765,1954,1,651,,Active,,,http://www.redfin.com/CA/Alhambra/821-S-Olive-Ave-91803/home/7024664,CRMLS,WS20108936,N,Y,34.082724,-118.135718
MLS Listing,,Single Family Residential,2101 Huntington Dr Unit A,South Pasadena,CA,91030,579000,1,1.0,658 - So. Pasadena,704,1799,1923,1,822,,Active,,,http://www.redfin.com/CA/South-Pasadena/2101-Huntington-Dr-91030/unit-A/home/7008774,CRMLS,AR20085522,N,Y,34.104951,-118.137005
MLS Listing,,Single Family Residential,2415 Hathaway Ave,Alhambra,CA,91803,599000,3,1.5,Alhambra,1089,6172,1948,1,550,,Active,,,http://www.redfin.com/CA/Alhambra/2415-Hathaway-Ave-91803/home/7027713,PFAR,820002051,N,Y,34.064404,-118.1358348
MLS Listing,,Single Family Residential,9922 Nadine St,Temple City,CA,91780,748000,3,1.75,661 - Temple City,1335,6394,1951,2,560,,Active,,,http://www.redfin.com/CA/Temple-City/9922-Nadine-St-91780/home/8008921,CRMLS,AR20107673,N,Y,34.0998514,-118.0522504
MLS Listing,,Single Family Residential,289 S Walnut Grove Ave,San Gabriel,CA,91776,1369900,5,5.0,654 - San Gabriel,3310,9468,2002,2,414,,Active,,,http://www.redfin.com/CA/San-Gabriel/289-Walnut-Grove-Ave-91776/home/7039017,CRMLS,TR20107453,N,Y,34.0994871,-118.0840565
MLS Listing,,Single Family Residential,9822 Broadway,Temple City,CA,91780,888000,3,1.75,Temple City,1719,7192,1947,2,517,,Active,,,http://www.redfin.com/CA/Temple-City/9822-Broadway-91780/home/8008836,PFAR,820002026,N,Y,34.1011568,-118.0545828
MLS Listing,,Single Family Residential,3732 Greendale Ave,Rosemead,CA,91770,799000,3,2.0,651 - Rosemead/S. San Gabriel,1715,6325,1969,2,466,,Active,,,http://www.redfin.com/CA/Rosemead/3732-Greendale-Ave-91770/home/7050730,CRMLS,PW20107183,N,Y,34.0767846,-118.0744548
MLS Listing,,Vacant Land,2205 Kelburn Ave,Rosemead,CA,91770,850000,,,651 - Rosemead/S. San Gabriel,,18707,,3,,,Active,,,http://www.redfin.com/CA/Rosemead/2205-Kelburn-Ave-91770/home/22347000,CRMLS,WS20106927,N,Y,34.053414,-118.095895
MLS Listing,,Single Family Residential,9347 Marshall St,Rosemead,CA,91770,499000,2,1.0,Rosemead,1108,8899,1926,3,450,,Active,,,http://www.redfin.com/CA/Rosemead/9347-Marshall-St-91770/home/8012398,CRMLS,200025386,N,Y,34.07598,-118.065193
MLS Listing,,Multi-Family (2-4 Unit),411 S Monterey St,Alhambra,CA,91801,1298000,7,4.0,601 - Alhambra,2840,7752,1985,4,457,,Active,,,http://www.redfin.com/CA/Alhambra/411-S-Monterey-St-91801/home/7021200,CRMLS,WS20104452,N,Y,34.0916895,-118.1218916
MLS Listing,,Single Family Residential,629 Cecil St,Monterey Park,CA,91755,686000,3,2.0,641 - Monterey Park,1212,6385,1951,4,566,,Active,,,http://www.redfin.com/CA/Monterey-Park/629-Cecil-St-91755/home/6978302,CRMLS,WS20104613,N,Y,34.0547142,-118.1243603
MLS Listing,,Single Family Residential,112 S Nicholson Ave,Monterey Park,CA,91755,1198000,8,4.0,641 - Monterey Park,2704,5896,1932,4,443,,Active,,,http://www.redfin.com/CA/Monterey-Park/112-S-Nicholson-Ave-91755/home/6974977,CRMLS,WS20104922,N,Y,34.0619678,-118.1186914
MLS Listing,,Condo/Co-op,777 Valley Blvd,Alhambra,CA,91801,499000,2,1.75,601 - Alhambra,1103,10,1963,4,452,237,Active,,,http://www.redfin.com/CA/Alhambra/777-Valley-Blvd-91801/unit-100/home/127176969,CRMLS,WS20102448,N,Y,34.0799238,-118.1155058
MLS Listing,,Single Family Residential,5303 Golden West Ave,Temple City,CA,91780,950000,3,2.0,661 - Temple City,1895,7905,1946,4,501,,Active,,,http://www.redfin.com/CA/Temple-City/5303-W-Golden-Ave-91780/home/8009342,CRMLS,WS20105230,N,Y,34.0967929,-118.0552231
MLS Listing,,Single Family Residential,735 El Mercado Ave,Monterey Park,CA,91754,678888,2,2.0,641 - Monterey Park,1219,7021,1940,5,557,,Active,,,http://www.redfin.com/CA/Monterey-Park/735-El-Mercado-Ave-91754/home/6976828,CRMLS,DW20102783,N,Y,34.052435,-118.135972
MLS Listing,,Single Family Residential,1948 Gaydon Ave,San Gabriel,CA,91776,714000,3,1.0,654 - San Gabriel,1355,6000,1941,5,527,,Active,,,http://www.redfin.com/CA/San-Gabriel/1948-Gaydon-Ave-91776/home/7038165,CRMLS,CV20105033,N,Y,34.0736167,-118.0883319
MLS Listing,,Single Family Residential,1946 Lafayette St,San Gabriel,CA,91776,948888,3,2.0,654 - San Gabriel,2000,7933,1918,5,474,,Active,,,http://www.redfin.com/CA/San-Gabriel/1946-Lafayette-St-91776/home/7037580,CRMLS,CV20103874,N,Y,34.073942,-118.094217
MLS Listing,,Multi-Family (5+ Unit),109 N Marguerita Ave,Alhambra,CA,91801,1888000,6,6.0,601 - Alhambra,3183,5996,1959,5,593,,Active,,,http://www.redfin.com/CA/Alhambra/109-N-Marguerita-Ave-91801/home/7018493,CRMLS,WS20104401,N,Y,34.0933576,-118.1386507
MLS Listing,,Vacant Land,1506 Country Point Ln,San Dimas,CA,91733,2350000,,,689 - San Dimas,,83635,,5,,541,Active,,,http://www.redfin.com/CA/El-Monte/1506-Country-Point-LN-91733/home/171959408,CRISNet,SR20096234,N,Y,34.0499095,-118.0478826
MLS Listing,,Multi-Family (2-4 Unit),1504 S Sierra Vista Ave,Alhambra,CA,91801,1250000,6,3.0,601 - Alhambra,2217,7569,1947,5,564,,Active,,,http://www.redfin.com/CA/Alhambra/1504-S-Sierra-Vista-Ave-91801/home/7030131,CRMLS,TR20064083,N,Y,34.0770992,-118.1179142
MLS Listing,,Multi-Family (2-4 Unit),9 W Pine St,Alhambra,CA,91801,849000,4,3.0,601 - Alhambra,2212,5143,1953,5,384,,Active,,,http://www.redfin.com/CA/Alhambra/9-W-Pine-St-91801/home/7008793,CRMLS,AR20104453,N,Y,34.1045091,-118.1342805
MLS Listing,,Multi-Family (2-4 Unit),1431 S Garfield Ave,Alhambra,CA,91801,1300000,8,4.0,601 - Alhambra,2872,8233,1920,5,453,,Active,,,http://www.redfin.com/CA/Alhambra/1431-S-Garfield-Ave-91801/home/7029480,CRMLS,WS20069730,N,Y,34.077263,-118.12338
MLS Listing,,Condo/Co-op,630 S Ramona St,San Gabriel,CA,91776,848000,4,5.0,654 - San Gabriel,2593,16994,1994,7,327,26,Active,,,http://www.redfin.com/CA/San-Gabriel/630-S-Ramona-St-91776/home/7032531,CRMLS,CV20103291,N,Y,34.093971,-118.107435
MLS Listing,,Single Family Residential,8318 Olney St,Rosemead,CA,91770,769900,3,3.0,651 - Rosemead/S. San Gabriel,1628,5887,1941,7,473,,Active,,,http://www.redfin.com/CA/Rosemead/8318-Olney-St-91770/home/7038128,CRMLS,WS20103338,N,Y,34.0725144,-118.0869601
MLS Listing,,Single Family Residential,510 S Ynez Ave S,Monterey Park,CA,91754,539000,2,1.0,641 - Monterey Park,935,3917,1941,7,576,,Active,,,http://www.redfin.com/CA/Monterey-Park/510-S-Ynez-Ave-91754/home/6977460,CRMLS,CV20100794,N,Y,34.0560093,-118.1301205
MLS Listing,,Single Family Residential,2640 Bartlett Ave,Rosemead,CA,91770,980000,5,3.0,651 - Rosemead/S. San Gabriel,2036,6702,1948,8,481,,Active,,,http://www.redfin.com/CA/Rosemead/2640-Bartlett-Ave-91770/home/6989514,CRMLS,WS20103039,N,Y,34.0601769,-118.0788664
MLS Listing,,Single Family Residential,4107 Arica Ave,Rosemead,CA,91770,679000,3,1.75,651 - Rosemead/S. San Gabriel,1126,6142,1945,8,603,,Active,,,http://www.redfin.com/CA/Rosemead/4107-Arica-Ave-91770/home/8011000,CRMLS,WS20103024,N,Y,34.0819392,-118.065879
MLS Listing,,Single Family Residential,8902 Nevada Ave,Rosemead,CA,91770,889500,4,3.0,Rosemead/S. San Gabriel,2225,6863,1937,8,400,,Active,,,http://www.redfin.com/CA/Rosemead/8902-Nevada-Ave-91770/home/7050671,PFAR,820001930,N,Y,34.0792296,-118.075208
MLS Listing,,Single Family Residential,1716 Midwickhill Dr,Alhambra,CA,91803,799800,3,2.0,601 - Alhambra,1665,7103,1951,9,480,,Active,,,http://www.redfin.com/CA/Alhambra/1716-Midwickhill-Dr-91803/home/7027928,CRMLS,WS20101786,N,Y,34.065894,-118.1424175
MLS Listing,,Single Family Residential,812 N Atlantic Blvd,Alhambra,CA,91801,699000,2,1.0,601 - Alhambra,1046,3727,1937,9,668,,Active,,,http://www.redfin.com/CA/Alhambra/812-N-Atlantic-Blvd-91801/home/7008884,CRMLS,WS20102118,N,Y,34.1012211,-118.1344634
MLS Listing,,Condo/Co-op,421 S Garfield Ave #5,Monterey Park,CA,91754,448000,2,2.0,641 - Monterey Park,979,66924,2007,10,458,185,Active,,,http://www.redfin.com/CA/Monterey-Park/421-S-Garfield-Ave-91754/unit-5/home/17224381,CRMLS,WS20101571,N,Y,34.0579259,-118.1242469
MLS Listing,,Multi-Family (2-4 Unit),201 W marshall St,San Gabriel,CA,91776,1190000,7,3.0,654 - San Gabriel,2425,9751,1924,10,491,,Active,,,http://www.redfin.com/CA/San-Gabriel/201-W-Marshall-St-91776/unit-C/home/7031697,CRMLS,WS20052257,N,Y,34.0758727,-118.1025064
MLS Listing,,Single Family Residential,7421 Mooney Dr,Rosemead,CA,91770,450000,2,1.0,699 - Not Defined,516,7929,1937,10,872,,Active,,,http://www.redfin.com/CA/Rosemead/7421-Mooney-Dr-91770/home/6991376,CRMLS,PW20100420,N,Y,34.0520057,-118.104461
MLS Listing,,Condo/Co-op,128 W Live Oak St Unit A,San Gabriel,CA,91776,885000,4,4.0,654 - San Gabriel,2393,21317,2007,10,370,190,Active,,,http://www.redfin.com/CA/San-Gabriel/128-W-Live-Oak-St-91776/unit-A/home/17225163,CRMLS,WS20100774,N,Y,34.100519,-118.1010169
MLS Listing,,Townhouse,105 N 3rd St Unit D,Alhambra,CA,91801,728000,2,2.5,601 - Alhambra,1106,15500,2020,11,658,298,Active,,,http://www.redfin.com/CA/Alhambra/105-N-3rd-St-91801/unit-D/home/171854541,CRMLS,AR20100203,N,Y,34.0947295,-118.1312093
MLS Listing,,Single Family Residential,2347 Central Ave,South El Monte,CA,91733,449888,3,3.0,657 - So. El Monte,1317,40176,1979,11,342,200,Active,,,http://www.redfin.com/CA/South-El-Monte/2347-Central-Ave-91733/home/7795018,CRMLS,MB20099869,N,Y,34.055969,-118.047581
MLS Listing,,Single Family Residential,4927 Willmonte Ave,Temple City,CA,91780,998000,4,2.5,661 - Temple City,2570,5248,1954,11,388,,Active,,,http://www.redfin.com/CA/Temple-City/4927-Willmonte-Ave-91780/home/8009925,CRMLS,AR20099589,N,Y,34.0928669,-118.05089
MLS Listing,,Multi-Family (5+ Unit),417 N Marguerita Ave,Alhambra,CA,91801,2198000,13,12.0,601 - Alhambra,6188,7884,1979,13,355,,Active,,,http://www.redfin.com/CA/Alhambra/417-N-Marguerita-Ave-91801/home/7018444,CRMLS,AR20099265,N,Y,34.0970144,-118.138669
MLS Listing,,Condo/Co-op,11 S 3rd St #303,Alhambra,CA,91801,499000,1,2.0,601 - Alhambra,850,49825,2015,14,587,297,Active,,,http://www.redfin.com/CA/Alhambra/11-S-3rd-St-91801/unit-303/home/110131395,CRMLS,WS20099138,N,Y,34.0929763,-118.1302624
MLS Listing,,Single Family Residential,1823 Reynolds Ave,Rosemead,CA,91770,659900,3,2.0,651 - Rosemead/S. San Gabriel,1305,4959,1963,15,506,,Active,,,http://www.redfin.com/CA/Rosemead/1823-Reynolds-Ave-91770/home/6988452,CRMLS,CV20097868,N,Y,34.0506887,-118.0886291
MLS Listing,,Multi-Family (2-4 Unit),102 S Curtis Ave,Alhambra,CA,91801,1335000,5,4.0,601 - Alhambra,2179,8320,1920,15,613,,Active,,,http://www.redfin.com/CA/Alhambra/102-S-Curtis-Ave-91801/home/7020592,CRMLS,AR20098468,N,Y,34.090105,-118.136716
MLS Listing,,Condo/Co-op,5215 Rosemead Blvd Unit B,San Gabriel,CA,91776,540000,3,2.5,654 - San Gabriel,1316,36293,1984,15,410,220,Active,,,http://www.redfin.com/CA/San-Gabriel/5215-Rosemead-Blvd-91776/unit-B/home/7049178,CRMLS,WS20096168,N,Y,34.095064,-118.074107
MLS Listing,,Townhouse,3331 Stallo Ave,Rosemead,CA,91770,809900,5,3.0,651 - Rosemead/S. San Gabriel,2119,5459,1940,15,382,,Active,,,http://www.redfin.com/CA/Rosemead/3331-Stallo-Ave-91770/home/171824788,CRMLS,OC20097949,N,Y,34.0687376,-118.084927
MLS Listing,,Multi-Family (2-4 Unit),5075 Sereno Dr,Temple City,CA,91780,1000025,4,2.0,661 - Temple City,2092,8377,1952,15,478,,Active,,,http://www.redfin.com/CA/Temple-City/5075-Sereno-Dr-91780/home/7049005,CRMLS,CV20097924,N,Y,34.0925556,-118.0707265
MLS Listing,,Single Family Residential,889 Kingsford St,Monterey Park,CA,91754,1788000,5,5.0,Monterey Park,4155,12373,2006,16,430,148,Active,,,http://www.redfin.com/CA/Monterey-Park/889-Kingsford-St-91754/home/8173287,PFAR,820001823,N,Y,34.0517746,-118.1400861
MLS Listing,,Condo/Co-op,216 W Grand Ave Unit B,Alhambra,CA,91801,583888,3,2.5,601 - Alhambra,1527,6315,1983,16,382,200,Active,,,http://www.redfin.com/CA/Alhambra/216-W-Grand-Ave-91801/unit-B/home/7018025,CRMLS,MB20096926,N,Y,34.0974822,-118.1322691
MLS Listing,,Single Family Residential,136 W Glendon Way,San Gabriel,CA,91776,1180000,7,4.0,654 - San Gabriel,2820,7541,1990,16,418,,Active,,,http://www.redfin.com/CA/San-Gabriel/136-W-Glendon-Way-91776/home/7032029,CRMLS,CV20097310,N,Y,34.07408,-118.1011891
MLS Listing,,Single Family Residential,1124 S El Molino St,Alhambra,CA,91801,899000,4,3.0,601 - Alhambra,1797,5906,1948,16,500,,Active,,,http://www.redfin.com/CA/Alhambra/1124-S-El-Molino-St-91801/home/7023790,CRMLS,OC20097151,N,Y,34.0818855,-118.1120164
MLS Listing,,Single Family Residential,9254 De Adalena St,Rosemead,CA,91770,599000,1,2.0,651 - Rosemead/S. San Gabriel,1773,11608,1952,16,338,,Active,,,http://www.redfin.com/CA/Rosemead/9254-De-Adalena-St-91770/home/8012370,CRISNet,SR20097076,N,Y,34.0764025,-118.0668851
MLS Listing,,Multi-Family (2-4 Unit),322 S Arroyo Dr,San Gabriel,CA,91776,2580000,6,4.0,654 - San Gabriel,13266,21141,1939,16,194,,Active,,,http://www.redfin.com/CA/San-Gabriel/322-S-Arroyo-Dr-91776/home/7022008,CRMLS,WS20097059,N,Y,34.097284,-118.111319
MLS Listing,,Condo/Co-op,580 W Main St #109,Alhambra,CA,91801,589000,2,2.0,601 - Alhambra,992,92090,2005,17,594,254,Active,,,http://www.redfin.com/CA/Alhambra/580-W-Main-St-91801/unit-109/home/171801042,CRMLS,AR20092096,N,Y,34.092115,-118.1325206
MLS Listing,,Condo/Co-op,418 S Orange Ave Unit C,Monterey Park,CA,91755,539500,3,2.0,641 - Monterey Park,1421,30398,1975,17,380,150,Active,,,http://www.redfin.com/CA/Monterey-Park/418-S-Orange-Ave-91755/unit-C/home/6974793,CRMLS,WS20091212,N,Y,34.0575959,-118.111831
MLS Listing,,Single Family Residential,5030 Alessandro Ave,Temple City,CA,91780,825000,3,2.0,661 - Temple City,1354,6366,1951,18,609,,Active,,,http://www.redfin.com/CA/Temple-City/5030-Alessandro-Ave-91780/home/8010592,CRMLS,AR20095946,N,Y,34.0923167,-118.0638562
MLS Listing,,Single Family Residential,605 E Mission Rd,San Gabriel,CA,91776,480000,0,,654 - San Gabriel,684,3606,1922,18,702,,Active,,,http://www.redfin.com/CA/San-Gabriel/605-E-Mission-Rd-91776/home/7036040,CRMLS,WS20095827,N,Y,34.0922039,-118.0936932
MLS Listing,,Vacant Land,1507 Country Point Ln,San Dimas,CA,91733,2290000,,,689 - San Dimas,,43124,,18,,541,Active,,,http://www.redfin.com/CA/El-Monte/1507-Country-Point-LN-91733/home/171798252,CRISNet,SR20095393,N,Y,34.0499095,-118.0478826
MLS Listing,,Single Family Residential,827 S Garfield Ave,Alhambra,CA,91801,850000,4,1.0,Alhambra,2227,7341,1910,18,382,,Active,,,http://www.redfin.com/CA/Alhambra/827-S-Garfield-Ave-91801/home/7022343,PFAR,820001791,N,Y,34.0862956,-118.1233975
MLS Listing,,Townhouse,505 S Anderson Way Unit D,San Gabriel,CA,91776,830000,3,2.75,San Gabriel,2490,33541,2008,18,333,296,Active,,,http://www.redfin.com/CA/San-Gabriel/505-S-Anderson-Way-91776/unit-D/home/26848487,PFAR,820001785,N,Y,34.0956667,-118.105373
MLS Listing,,Single Family Residential,5318 Zadell Dr,Temple City,CA,91780,2280000,5,5.5,661 - Temple City,3918,12007,2016,18,582,,Active,,,http://www.redfin.com/CA/Temple-City/5318-Zadell-Ave-91780/home/8005885,CRMLS,WS20094668,N,Y,34.098374,-118.0478597
MLS Listing,,Multi-Family (2-4 Unit),321 N Garfield Ave,Alhambra,CA,91801,948000,4,2.0,601 - Alhambra,1920,7166,1923,19,494,,Active,,,http://www.redfin.com/CA/Alhambra/321-N-Garfield-Ave-91801/home/7017859,CRMLS,IG20094808,N,Y,34.098127,-118.129352
MLS Listing,,Vacant Land,1513 Country Point Ln,San Dimas,CA,91733,1540000,,,689 - San Dimas,,27442,,19,,541,Active,,,http://www.redfin.com/CA/El-Monte/1513-Country-Point-LN-91733/home/171781510,CRISNet,SR20091469,N,Y,34.0499095,-118.0478826
MLS Listing,,Vacant Land,1511 Country Point Ln,San Dimas,CA,91733,1780000,,,689 - San Dimas,,30056,,19,,541,Active,,,http://www.redfin.com/CA/El-Monte/1511-Country-Point-LN-91733/home/171781435,CRISNet,SR20090734,N,Y,34.0499095,-118.0478826
MLS Listing,,Single Family Residential,1600 S 2nd St,Alhambra,CA,91801,1558000,4,3.0,601 - Alhambra,2891,9189,1910,19,539,,Active,,,http://www.redfin.com/CA/Alhambra/1600-S-2nd-St-91801/home/7029491,CRMLS,TR20092227,N,Y,34.0758912,-118.1239552
MLS Listing,,Multi-Family (2-4 Unit),1141 S Garfield Ave,Alhambra,CA,91801,1400000,6,4.0,601 - Alhambra,3336,7602,1941,19,420,,Active,,,http://www.redfin.com/CA/Alhambra/1141-S-Garfield-Ave-91801/home/7023177,CRMLS,WS20087544,N,Y,34.081276,-118.123404
MLS Listing,,Multi-Family (2-4 Unit),1137 S Garfield Ave,Alhambra,CA,91801,1400000,6,4.0,601 - Alhambra,3336,7394,1941,19,420,,Active,,,http://www.redfin.com/CA/Alhambra/1137-S-Garfield-Ave-91801/home/7023178,CRMLS,WS20087500,N,Y,34.081413,-118.123405
MLS Listing,,Townhouse,101 N 3rd St Unit C,Alhambra,CA,91801,698000,2,2.5,601 - Alhambra,1107,15500,2020,21,631,298,Active,,,http://www.redfin.com/CA/Alhambra/101-N-3rd-St-91801/unit-C/home/171745518,CRMLS,AR20093850,N,Y,34.094779,-118.1312411
MLS Listing,,Multi-Family (2-4 Unit),1216 S 2nd St,Alhambra,CA,91801,1050000,5,3.0,601 - Alhambra,2442,7566,1938,22,430,,Active,,,http://www.redfin.com/CA/Alhambra/1216-S-2nd-St-91801/home/7023400,CRMLS,CV20093263,N,Y,34.080016,-118.123952
MLS Listing,,Single Family Residential,609 S Electric Ave,Alhambra,CA,91803,1088000,4,4.0,601 - Alhambra,3198,7502,1991,22,340,,Active,,,http://www.redfin.com/CA/Alhambra/609-Electric-Ave-91803/home/7020188,CRMLS,WS20092983,N,Y,34.0835904,-118.1398691
MLS Listing,,Single Family Residential,5112 Agnes Ave,Temple City,CA,91780,1100000,3,3.0,661 - Temple City,2182,6941,1982,22,504,,Active,,,http://www.redfin.com/CA/Temple-City/5112-Agnes-Ave-91780/home/8009444,CRMLS,AR20092663,N,Y,34.0951589,-118.0521131
MLS Listing,,Multi-Family (2-4 Unit),210 W Marshall St,San Gabriel,CA,91776,1600000,7,4.0,654 - San Gabriel,3326,9642,1974,23,481,,Active,,,http://www.redfin.com/CA/San-Gabriel/210-W-Marshall-St-91776/home/7031844,CRMLS,SB20072602,N,Y,34.0750725,-118.1028265
MLS Listing,,Vacant Land,10334 Garvey Ave,El Monte,CA,91733,1900000,,,619 - El Monte,,28561,,23,,,Active,,,http://www.redfin.com/CA/El-Monte/10334-Garvey-Ave-91733/home/171701335,CRMLS,PW20092038,N,Y,34.0623857,-118.0458015
MLS Listing,,Single Family Residential,7734 Young Ave,Rosemead,CA,91770,675000,4,1.0,651 - Rosemead/S. San Gabriel,2162,6885,1930,24,312,,Active,,,http://www.redfin.com/CA/Rosemead/7734-Young-Ave-91770/home/6991456,CRMLS,PW20091405,N,Y,34.0514864,-118.1011805
MLS Listing,,Townhouse,2021 Brighton St,San Gabriel,CA,91776,1008000,5,2.0,654 - San Gabriel,1996,9878,2019,24,505,,Active,,,http://www.redfin.com/CA/San-Gabriel/2021-Brighton-St-91776/home/7037416,CRMLS,CV20090171,N,Y,34.0726181,-118.0983456
MLS Listing,,Multi-Family (2-4 Unit),7815 Hellman Ave,Rosemead,CA,91770,1350000,8,4.0,Rosemead/S. San Gabriel,3420,8244,1959,25,395,,Active,,,http://www.redfin.com/CA/Rosemead/7815-Hellman-Ave-91770/home/6992506,TheMLS,20-578370,N,Y,34.070198,-118.098855
MLS Listing,,Multi-Family (2-4 Unit),7811 Hellman Ave,Rosemead,CA,91770,1350000,8,4.0,Rosemead/S. San Gabriel,3420,6816,1959,25,395,,Active,,,http://www.redfin.com/CA/Rosemead/7811-Hellman-Ave-91770/home/6992507,TheMLS,20-578324,N,Y,34.070085,-118.0990315
MLS Listing,,Townhouse,905 Santa Fe Ave Unit C,San Gabriel,CA,91776,730000,4,4.0,654 - San Gabriel,1730,41018,2015,25,422,293,Active,,,http://www.redfin.com/CA/San-Gabriel/905-Santa-Fe-Ave-91776/unit-C/home/110141364,CRMLS,CV20085082,N,Y,34.095191,-118.088229
MLS Listing,,Single Family Residential,1809 S Chapel Ave,Alhambra,CA,91801,850000,3,2.0,601 - Alhambra,1506,6688,1925,26,564,,Active,,,http://www.redfin.com/CA/Alhambra/1809-S-Chapel-Ave-91801/home/7030726,CRMLS,WS20083859,N,Y,34.0736655,-118.1199715
MLS Listing,,Single Family Residential,8416 Seth St,San Gabriel,CA,91776,650000,3,2.0,654 - San Gabriel,1564,4772,1960,26,416,,Active,,,http://www.redfin.com/CA/San-Gabriel/8416-Seth-St-91776/home/7039128,CRMLS,OC20089739,N,Y,34.0953789,-118.0855655
MLS Listing,,Condo/Co-op,550 E Newmark Ave Unit F,Monterey Park,CA,91755,589000,3,3.0,641 - Monterey Park,1602,19336,1980,26,368,175,Active,,,http://www.redfin.com/CA/Monterey-Park/550-E-Newmark-Ave-91755/unit-F/home/6974747,CRMLS,AR20089539,N,Y,34.0593519,-118.113597
MLS Listing,,Single Family Residential,526 S Garfield Ave,Monterey Park,CA,91754,795000,3,3.0,641 - Monterey Park,1720,5890,1939,28,462,,Active,,,http://www.redfin.com/CA/Monterey-Park/526-S-Garfield-Ave-91754/home/6973176,CRMLS,PW20088932,N,Y,34.055775,-118.124767
MLS Listing,,Townhouse,1533 Benito,Alhambra,CA,91801,840990,4,3.5,601 - Alhambra,1640,1640,2020,28,513,362,Active,,,http://www.redfin.com/CA/Alhambra/1533-Benito-Ave-91803/home/171567014,CRMLS,CV20088704,N,Y,34.0749642,-118.1400088
MLS Listing,,Townhouse,1537 Benito,Alhambra,CA,91801,820990,3,3.5,601 - Alhambra,1598,1598,2020,28,514,362,Active,,,http://www.redfin.com/CA/Alhambra/1537-Benito-Ave-91803/home/171564737,CRMLS,CV20088715,N,Y,34.0749514,-118.1400087
MLS Listing,,Single Family Residential,5635 Encinita,Temple City,CA,91780,828000,3,2.0,661 - Temple City,1315,4412,1954,29,630,,Active,,,http://www.redfin.com/CA/Temple-City/5635-Encinita-Ave-91780/home/7048267,CRMLS,WS20087916,N,Y,34.1017489,-118.0682788
MLS Listing,,Townhouse,1535 Benito,Alhambra,CA,91801,830990,4,3.5,601 - Alhambra,1613,1598,2020,29,515,362,Active,,,http://www.redfin.com/CA/Alhambra/1535-Benito-Ave-91803/home/171560326,CRMLS,CV20088064,N,Y,34.0749578,-118.1400087
MLS Listing,,Condo/Co-op,400 S Garfield Ave #11,Alhambra,CA,91801,559000,2,3.0,601 - Alhambra,1491,37590,1980,30,375,200,Active,,,http://www.redfin.com/CA/Alhambra/400-S-Garfield-Ave-91801/unit-11/home/7021174,CRMLS,WS20087484,N,Y,34.0909359,-118.1234903
MLS Listing,,Multi-Family (2-4 Unit),124 N 3rd St,Alhambra,CA,91801,738000,2,2.0,Alhambra,1248,7647,1924,30,591,,Active,,,http://www.redfin.com/CA/Alhambra/124-N-3rd-St-91801/home/7018053,TheMLS,20-576950,N,Y,34.0956117,-118.1310683
MLS Listing,,Single Family Residential,5555 N Burton Ave,San Gabriel,CA,91776,849900,3,2.0,654 - San Gabriel,1800,6667,2020,32,472,,Active,,,http://www.redfin.com/CA/San-Gabriel/5555-N-Burton-Ave-91776/home/7048583,CRMLS,SB20085742,N,Y,34.1006415,-118.0807298
MLS Listing,,Single Family Residential,2212 Carwile Dr,Alhambra,CA,91803,669000,2,0.75,Alhambra,1157,5790,1947,32,578,,Active,,,http://www.redfin.com/CA/Alhambra/2212-Carwile-Dr-91803/home/7027566,PFAR,820001563,N,Y,34.0682647,-118.1407718
MLS Listing,,Multi-Family (2-4 Unit),322 S Granada Ave,Alhambra,CA,91801,1650000,8,5.5,Alhambra,5550,8700,1930,33,297,,Active,,,http://www.redfin.com/CA/Alhambra/322-S-Granada-Ave-91801/unit-B/home/7021884,PFAR,820001571,N,Y,34.095969,-118.1150782
MLS Listing,,Condo/Co-op,228 S Olive Ave Unit A207,Alhambra,CA,91801,550000,2,2.0,699 - Not Defined,950,69332,2009,36,579,265,Active,,,http://www.redfin.com/CA/Alhambra/228-S-Olive-Ave-91801/unit-A207/home/28904269,CRMLS,WS20082653,N,Y,34.0880109,-118.1353103
MLS Listing,,Condo/Co-op,517 N Chandler Ave Unit C,Monterey Park,CA,91754,645000,3,2.5,641 - Monterey Park,1755,44526,1982,37,368,235,Active,,,http://www.redfin.com/CA/Monterey-Park/517-N-Chandler-Ave-91754/unit-C/home/6971840,CRMLS,WS20081989,N,Y,34.0679092,-118.1323223
MLS Listing,,Condo/Co-op,811 S 4th #10,Alhambra,CA,91801,439000,2,1.5,,844,,1971,38,520,135,Active,,,http://www.redfin.com/CA/Alhambra/811-S-4th-St-91801/unit-10/home/7022104,SDMLS,200019208,N,Y,34.0867496,-118.1280165
MLS Listing,,Multi-Family (2-4 Unit),163 Junipero Serra Dr,San Gabriel,CA,91775,1100000,6,3.0,San Gabriel,2195,327701880,1937,41,501,,Active,,,http://www.redfin.com/CA/San-Gabriel/163-Junipero-Serra-Dr-91776/home/7033157,PFAR,820001458,N,Y,34.101339,-118.103594
MLS Listing,,Multi-Family (2-4 Unit),3330 Eckhart Ave,Rosemead,CA,91770,958000,8,3.0,651 - Rosemead/S. San Gabriel,2189,6545,1953,47,438,,Active,,,http://www.redfin.com/CA/Rosemead/3330-Eckhart-Ave-91770/home/6992714,CRMLS,CV20076324,N,Y,34.068987,-118.09254
MLS Listing,,Single Family Residential,420 Lindaraxa,Alhambra,CA,91801,1220000,4,3.0,Alhambra,2634,7742,1924,47,463,,Active,,,http://www.redfin.com/CA/Alhambra/420-Lindaraxa-Park-91801/home/7018173,TheMLS,20-570894,N,Y,34.0993233,-118.1231394
MLS Listing,,Multi-Family (2-4 Unit),225 S Electric Ave,Alhambra,CA,91801,728000,2,2.0,601 - Alhambra,1753,5958,1926,51,415,,Active,,,http://www.redfin.com/CA/Alhambra/225-Electric-Ave-91801/home/7020246,CRMLS,AR20074259,N,Y,34.08813,-118.139858
MLS Listing,,Condo/Co-op,777 E Valley Blvd E #148,Alhambra,CA,91801,485000,2,2.0,601 - Alhambra,1109,474201,1963,54,437,237,Active,,,http://www.redfin.com/CA/Alhambra/777-E-Valley-Blvd-91801/unit-148/home/7024311,CRMLS,WS20072636,N,Y,34.0797209,-118.115478
MLS Listing,,Single Family Residential,244 S Curtis Ave,Alhambra,CA,91801,928000,5,2.0,601 - Alhambra,2472,7844,1910,55,375,,Active,,,http://www.redfin.com/CA/Alhambra/244-S-Curtis-Ave-91801/home/7020610,CRMLS,WS20072298,N,Y,34.0875544,-118.1368267
MLS Listing,,Multi-Family (2-4 Unit),236 S California St,San Gabriel,CA,91776,970000,5,3.0,654 - San Gabriel,1,7492,1947,57,970000,,Active,,,http://www.redfin.com/CA/San-Gabriel/236-S-California-St-91776/home/7035436,CRMLS,WS20071793,N,Y,34.1002216,-118.0931331
MLS Listing,,Townhouse,5582 Temple City Blvd,Temple City,CA,91780,580000,3,2.0,661 - Temple City,1350,88104,1973,58,430,220,Active,,,http://www.redfin.com/CA/Temple-City/5582-Temple-City-Blvd-91780/home/8008600,CRMLS,AR20070522,N,Y,34.101853,-118.05925
MLS Listing,,Condo/Co-op,600 N Atlantic #501,Monterey Park,CA,91754,699900,2,2.0,Monterey Park,1360,287079,2010,59,515,308,Active,,,http://www.redfin.com/CA/Monterey-Park/600-N-Atlantic-Blvd-91754/unit-501/home/40487914,TheMLS,20-570038,N,Y,34.0682863,-118.1336906
MLS Listing,,Single Family Residential,5405 Lorenza Ct,San Gabriel,CA,91776,749000,3,2.0,654 - San Gabriel,1662,4936,1975,61,451,,Active,,,http://www.redfin.com/CA/San-Gabriel/5405-Lorenza-Ct-91776/home/7049237,CRMLS,TR20065091,N,Y,34.0980645,-118.0769457
MLS Listing,,Condo/Co-op,4257 Walnut Grove Ave,Rosemead,CA,91770,578000,3,2.5,651 - Rosemead/S. San Gabriel,1715,57006,1981,62,337,300,Active,,,http://www.redfin.com/CA/Rosemead/4257-Walnut-Grove-Ave-91770/home/7038833,CRMLS,TR20067068,N,Y,34.083899,-118.08268
MLS Listing,,Single Family Residential,1816 Strozier Ave,South El Monte,CA,91733,668000,4,2.5,657 - So. El Monte,2156,5608,1954,65,310,,Active,,,http://www.redfin.com/CA/South-El-Monte/1816-Strozier-Ave-91733/home/7801164,CRMLS,CV20067885,N,Y,34.0494717,-118.0497349
MLS Listing,,Multi-Family (2-4 Unit),1639 Euclid Ave,San Gabriel,CA,91776,1200000,5,4.0,654 - San Gabriel,3173,8196,2002,66,378,,Active,,,http://www.redfin.com/CA/San-Gabriel/1639-Euclid-Ave-91776/home/7037165,CRMLS,WS20067399,N,Y,34.0785577,-118.0961966
MLS Listing,,Condo/Co-op,230 S Pine St Unit B,San Gabriel,CA,91776,439000,2,1.0,654 - San Gabriel,842,7584,1982,69,521,200,Active,,,http://www.redfin.com/CA/San-Gabriel/230-S-Pine-St-91776/unit-B/home/7035410,CRMLS,RS20065204,N,Y,34.1004587,-118.0918528
MLS Listing,,Single Family Residential,1101 W Newmark Ave,Monterey Park,CA,91754,780000,2,2.0,641 - Monterey Park,1333,6181,1948,70,585,,Active,,,http://www.redfin.com/CA/Monterey-Park/1101-W-Newmark-Ave-91754/home/6976341,CRMLS,CV20064827,N,Y,34.0594396,-118.1392176
MLS Listing,,Single Family Residential,431 Central,San Gabriel,CA,91776,668888,2,1.0,654 - San Gabriel,902,6491,1947,70,742,,Active,,,http://www.redfin.com/CA/San-Gabriel/431-Central-Ter-91776/home/7036309,CRMLS,CV20064880,N,Y,34.0887037,-118.0946877
MLS Listing,,Single Family Residential,315 S Marengo Ave,Alhambra,CA,91803,1199999,6,6.0,601 - Alhambra,3882,7500,1989,72,309,,Active,,,http://www.redfin.com/CA/Alhambra/315-S-Marengo-Ave-91803/home/7020183,CRMLS,TR20062509,N,Y,34.0870171,-118.1424303
MLS Listing,,Multi-Family (2-4 Unit),8810 E Broadway,San Gabriel,CA,91776,650000,2,1.0,654 - San Gabriel,938,7635,1945,74,693,,Active,,,http://www.redfin.com/CA/San-Gabriel/8810-E-Broadway-91776/home/8090366,CRMLS,WS20062609,N,Y,34.0988202,-118.0771287
MLS Listing,,Single Family Residential,3040 Adelia Ave,El Monte,CA,91733,575000,3,2.0,619 - El Monte,1100,4990,1962,81,523,,Active,,,http://www.redfin.com/CA/El-Monte/3040-Adelia-Ave-91733/home/8005160,CRMLS,WS20054177,N,Y,34.064004,-118.0583788
MLS Listing,,Single Family Residential,5476 Temple City,Temple City,CA,91780,915000,4,3.5,661 - Temple City,1890,6148,1950,83,484,,Active,,,http://www.redfin.com/CA/Temple-City/5476-Temple-City-Blvd-91780/home/8009056,CRMLS,CV20057152,N,Y,34.100094,-118.059202
MLS Listing,,Townhouse,519 W Newby Ave Unit F,San Gabriel,CA,91776,858000,3,2.75,654 - San Gabriel,1629,11761,2018,85,527,343,Active,,,http://www.redfin.com/CA/San-Gabriel/519-W-Newby-Ave-91776/unit-F/home/145072389,CRMLS,AR20055993,N,Y,34.082162,-118.1076496
MLS Listing,,Townhouse,840 S Chapel Ave,Alhambra,CA,91801,1188000,3,2.75,601 - Alhambra,1726,7001,1925,85,688,,Active,,,http://www.redfin.com/CA/Alhambra/840-S-Chapel-Ave-91801/home/7022707,CRMLS,OC20055756,N,Y,34.0859968,-118.1195374
MLS Listing,,Single Family Residential,412 S 5th St,Alhambra,CA,91801,1198880,4,3.0,601 - Alhambra,2328,7501,1948,86,515,,Active,,,http://www.redfin.com/CA/Alhambra/412-S-5th-St-91801/home/7020907,CRMLS,AR20055149,N,Y,34.0882664,-118.1287491
MLS Listing,,Single Family Residential,436 Sefton Ave Unit F,Monterey Park,CA,91755,880000,4,3.0,641 - Monterey Park,2092,31822,1994,87,421,200,Active,,,http://www.redfin.com/CA/Monterey-Park/436-S-Sefton-Ave-91755/unit-F/home/6974713,CRMLS,TR20052580,N,Y,34.0571966,-118.1143481
MLS Listing,,Single Family Residential,1039 S Del Mar Ave,San Gabriel,CA,91776,775000,5,2.0,654 - San Gabriel,1506,6329,1938,87,515,,Active,,,http://www.redfin.com/CA/San-Gabriel/1039-S-Del-Mar-Ave-91776/home/7032956,CRMLS,DW20051911,N,Y,34.0882643,-118.0998545
MLS Listing,,Multi-Family (2-4 Unit),8521 Fern Ave,Rosemead,CA,91770,1500000,8,4.0,651 - Rosemead/S. San Gabriel,3640,7850,1962,88,412,,Active,,,http://www.redfin.com/CA/Rosemead/8521-Fern-Ave-91770/home/6989884,CRMLS,IN20053357,N,Y,34.0591777,-118.0824926
MLS Listing,,Multi-Family (5+ Unit),1501 S 2nd St,Alhambra,CA,91801,1200000,10,10.0,601 - Alhambra,5000,10064,2020,89,240,,Active,,,http://www.redfin.com/CA/Alhambra/1501-S-2nd-St-91801/home/7029455,CRMLS,WS20052657,N,Y,34.0771113,-118.1245992
MLS Listing,,Single Family Residential,209 Rosemont Blvd,San Gabriel,CA,91775,885000,3,1.5,654 - San Gabriel,1472,7500,1940,89,601,,Active,,,http://www.redfin.com/CA/San-Gabriel/209-Rosemont-Blvd-91775/home/7033757,CRMLS,WS20051186,N,Y,34.104778,-118.1068957
MLS Listing,,Multi-Family (2-4 Unit),213 S Atlantic Blvd,Alhambra,CA,91801,2100000,8,4.0,601 - Alhambra,5548,7501,1924,92,379,,Active,,,http://www.redfin.com/CA/Alhambra/213-S-Atlantic-Blvd-91801/home/7020630,CRMLS,WS20049308,N,Y,34.0886967,-118.1349205
MLS Listing,,Single Family Residential,10227 Olive St,Temple City,CA,91780,850000,3,2.0,661 - Temple City,1426,6739,1950,92,596,,Active,,,http://www.redfin.com/CA/Temple-City/10227-Olive-St-91780/home/8007589,CRMLS,WS20049656,N,Y,34.100015,-118.0454356
MLS Listing,,Vacant Land,5816 Alessandro Ave,Temple City,CA,91780,1200000,,,661 - Temple City,,9142,,93,,,Active,,,http://www.redfin.com/CA/Temple-City/5816-Alessandro-Ave-91780/home/8007886,CRMLS,AR20049513,N,Y,34.104684,-118.0660619
MLS Listing,,Multi-Family (2-4 Unit),3333 Stallo Ave,Rosemead,CA,91770,809900,5,3.0,651 - Rosemead/S. San Gabriel,2119,5459,1940,93,382,,Active,,,http://www.redfin.com/CA/Rosemead/3333-Stallo-Ave-91770/home/6993471,CRMLS,OC20035707,N,Y,34.068747,-118.08499
MLS Listing,,Townhouse,847 E Mission Rd Unit E,San Gabriel,CA,91776,459999,2,2.0,654 - San Gabriel,1020,14465,1979,94,451,105,Active,,,http://www.redfin.com/CA/San-Gabriel/847-E-Mission-Rd-91776/unit-E/home/7049733,CRMLS,WS20048137,N,Y,34.0904281,-118.0886977
MLS Listing,,Single Family Residential,1233 E Broadway,San Gabriel,CA,91776,618800,2,1.0,654 - San Gabriel,848,6344,1950,95,730,,Active,,,http://www.redfin.com/CA/San-Gabriel/1233-E-Broadway-91776/home/7048566,CRMLS,TR20047250,N,Y,34.0993271,-118.0807412
MLS Listing,,Condo/Co-op,88 E Bay State St Unit 3J,Alhambra,CA,91801,638000,2,2.5,601 - Alhambra,1650,28926,2006,95,387,324,Active,,,http://www.redfin.com/CA/Alhambra/88-E-Bay-State-St-91801/unit-3J/home/12294122,CRMLS,CV20047084,N,Y,34.0935168,-118.1241603
MLS Listing,,Multi-Family (5+ Unit),10327 Bodger St,El Monte,CA,91733,1450000,11,6.0,619 - El Monte,5050,12587,1935,95,287,,Active,,,http://www.redfin.com/CA/El-Monte/10327-Bodger-St-91733/home/8004413,CRMLS,AR20046991,N,Y,34.064497,-118.04595
MLS Listing,,Multi-Family (5+ Unit),1024 S Atlantic Blvd,Alhambra,CA,91803,4550000,27,18.0,601 - Alhambra,13093,17144,1960,102,348,,Active,,,http://www.redfin.com/CA/Alhambra/1024-S-Atlantic-Blvd-91803/home/7024582,CRMLS,AR20041197,N,Y,34.0805923,-118.1339377
MLS Listing,,Vacant Land,0 Garvey Ave,Monterey Park,CA,,497700,,,641 - Monterey Park,,23097,,103,,,Active,,,http://www.redfin.com/CA/Monterey-Park/1040-Garvey-Ave-91755/home/171946448,CRMLS,MB20040617,N,Y,34.0623232,-118.1082902
MLS Listing,,Townhouse,205 N Lincoln Ave Unit A,Monterey Park,CA,91755,599900,3,2.5,641 - Monterey Park,1402,16836,1989,103,428,150,Active,,,http://www.redfin.com/CA/Monterey-Park/205-N-Lincoln-Ave-91755/unit-A/home/6971189,CRMLS,WS20040022,N,Y,34.063919,-118.1211601
MLS Listing,,Single Family Residential,988 Snyder Ln,Monterey Park,CA,91754,1898000,4,4.5,Monterey Park,3631,24023,2005,106,523,148,Active,,,http://www.redfin.com/CA/Monterey-Park/988-Snyder-Ln-91754/home/8173284,PFAR,820000716,N,Y,34.0500425,-118.1407718
MLS Listing,,Condo/Co-op,1050 S Garfield Ave,Monterey Park,CA,91754,525000,3,2.5,641 - Monterey Park,1536,1190,1980,106,342,220,Active,,,http://www.redfin.com/CA/Monterey-Park/1050-S-Garfield-Ave-91754/home/6979057,CRMLS,WS20038256,N,Y,34.0496291,-118.1277507
MLS Listing,,Single Family Residential,5729 Kauffman Ave,Temple City,CA,91780,2100000,6,6.5,661 - Temple City,3737,9210,2020,106,562,,Active,,,http://www.redfin.com/CA/Temple-City/5729-Kauffman-Ave-91780/home/8008125,CRMLS,AR20034619,N,Y,34.1042897,-118.0577842
MLS Listing,,Condo/Co-op,4144 Rowland Ave #4,El Monte,CA,91731,428000,2,2.0,619 - El Monte,951,16160,1980,107,450,,Active,,,http://www.redfin.com/CA/El-Monte/4144-Rowland-Ave-91731/unit-4/home/8003282,CRMLS,IV20037367,N,Y,34.0829535,-118.0533816
MLS Listing,,Single Family Residential,3136 Bartlett Ave,Rosemead,CA,91770,1250000,5,3.0,Rosemead/S. San Gabriel,2620,12543,1952,109,477,,Active,,,http://www.redfin.com/CA/Rosemead/3136-Bartlett-Ave-91770/home/6993908,PFAR,820000654,N,Y,34.0655104,-118.0786834
MLS Listing,,Townhouse,909 Santa Fe Ave Unit E,San Gabriel,CA,91776,799000,4,3.75,654 - San Gabriel,1970,41018,2015,112,406,299,Active,,,http://www.redfin.com/CA/San-Gabriel/909-Santa-Fe-Ave-91776/unit-E/home/88676811,CRMLS,AR20034129,N,Y,34.094959,-118.088231
MLS Listing,,Vacant Land,4823 Heleo Ave,Temple City,CA,91780,1998000,,,661 - Temple City,,24393,,112,,,Active,,,http://www.redfin.com/CA/Temple-City/4823-Heleo-Ave-91780/home/8010628,CRMLS,WS20033910,N,Y,34.0895917,-118.0623825
MLS Listing,,Townhouse,1130 W Newmark Ave Unit A-B,Monterey Park,CA,91754,824000,3,2.0,641 - Monterey Park,1529,7433,1923,113,539,,Active,,,http://www.redfin.com/CA/Monterey-Park/1130-W-Newmark-Ave-91754/unit-A-B/home/6976365,CRMLS,TR20033105,N,Y,34.0588835,-118.1404276
MLS Listing,,Single Family Residential,7336 Mooney Dr,Rosemead,CA,91770,799000,5,3.0,651 - Rosemead/S. San Gabriel,2315,6503,1992,114,345,,Active,,,http://www.redfin.com/CA/Rosemead/7336-Mooney-Dr-91770/home/6986579,CRMLS,TR20032773,N,Y,34.051585,-118.1061184
MLS Listing,,Townhouse,9543 Broadway #3,Temple City,CA,91780,650000,3,3.0,661 - Temple City,1584,81082,1965,116,410,453,Active,,,http://www.redfin.com/CA/Temple-City/9543-Broadway-91780/unit-3/home/8008529,CRMLS,WS20030680,N,Y,34.1007345,-118.0604764
MLS Listing,,Single Family Residential,9610 Lorica St,Rosemead,CA,91770,535000,3,1.0,651 - Rosemead/S. San Gabriel,1883,5962,1939,117,284,,Active,,,http://www.redfin.com/CA/Rosemead/9610-Lorica-St-91770/home/170552276,CRMLS,WS20029925,N,Y,34.082591,-118.059449
MLS Listing,,Townhouse,878 S Garfield Ave,Monterey Park,CA,91754,549000,3,2.5,641 - Monterey Park,1388,1442,1978,121,396,240,Active,,,http://www.redfin.com/CA/Monterey-Park/878-S-Garfield-Ave-91754/home/6979026,CRMLS,CV20027684,N,Y,34.050877,-118.127072
MLS Listing,,Condo/Co-op,1022 S Marengo Ave #2,Alhambra,CA,91803,599000,4,2.5,601 - Alhambra,2000,70416,1984,121,300,471,Active,,,http://www.redfin.com/CA/Alhambra/1022-S-Marengo-Ave-91803/unit-2/home/7024993,CRMLS,AR20024692,N,Y,34.080291,-118.1414086
MLS Listing,,Condo/Co-op,317 S Almansor St #6,Alhambra,CA,91801,386000,1,1.0,601 - Alhambra,722,70211,1979,122,535,200,Active,,,http://www.redfin.com/CA/Alhambra/317-S-Almansor-St-91801/unit-6/home/7021404,CRMLS,AR20026425,N,Y,34.0942381,-118.1194468
MLS Listing,,Multi-Family (2-4 Unit),5328 Encinita Ave,Temple City,CA,91780,1195000,4,3.0,Temple City,,14408,1954,123,,,Active,,,http://www.redfin.com/CA/Temple-City/5328-Encinita-Ave-91780/home/8010042,CRMLS,200005750,N,Y,34.0956884,-118.0676168
MLS Listing,,Multi-Family (2-4 Unit),821 N Atlantic Blvd,Alhambra,CA,91801,839999,3,3.0,601 - Alhambra,1540,7115,1921,123,545,,Active,,,http://www.redfin.com/CA/Alhambra/821-N-Atlantic-Blvd-91801/home/7008938,CRMLS,WS20021693,N,Y,34.1013478,-118.1349205
MLS Listing,,Vacant Land,749 S Stoneman Ave,Alhambra,CA,91801,2880000,,,601 - Alhambra,,9617,,124,,,Active,,,http://www.redfin.com/CA/Alhambra/749-S-Stoneman-Ave-91801/home/7022407,CRMLS,WS20023923,N,Y,34.0873417,-118.121663
MLS Listing,,Single Family Residential,9519 Giovane St,El Monte,CA,91733,389000,2,1.0,619 - El Monte,780,4962,1944,131,499,,Active,,,http://www.redfin.com/CA/South-El-Monte/9519-Giovane-St-91733/home/7794543,CRMLS,DW20018414,N,Y,34.0618631,-118.0621747
MLS Listing,,Single Family Residential,1956 CALIFORNIA St,San Gabriel,CA,91776,899999,3,2.75,654 - San Gabriel,1978,21821,2020,132,455,288,Active,,,http://www.redfin.com/CA/San-Gabriel/1956-California-St-91776/home/170439896,CRMLS,AR20017939,N,Y,34.0738041,-118.0926562
MLS Listing,,Single Family Residential,5233 Barela Ave,Temple City,CA,91780,795000,3,2.0,661 - Temple City,1053,6846,1950,134,755,,Active,,,http://www.redfin.com/CA/Temple-City/5233-Barela-Ave-91780/home/8009569,CRMLS,WS20017412,N,Y,34.0961226,-118.056961
MLS Listing,,Vacant Land,7665 Graves Ave,Rosemead,CA,91770,1188000,,,651 - Rosemead/S. San Gabriel,,26478,,136,,,Active,,,http://www.redfin.com/CA/Rosemead/7665-Graves-Ave-91770/home/6991530,CRMLS,AR20015770,N,Y,34.0555107,-118.101592
MLS Listing,,Single Family Residential,261 S California St,San Gabriel,CA,91776,990000,4,4.0,654 - San Gabriel,2186,17919,2007,136,453,160,Active,,,http://www.redfin.com/CA/San-Gabriel/261-S-California-St-91776/home/17228932,CRMLS,WS20014543,N,Y,34.0996164,-118.093636
MLS Listing,,Condo/Co-op,1011 Stoneman Ave N #8,Alhambra,CA,91801,635000,2,2.0,601 - Alhambra,1526,10217,1984,141,416,280,Active,,,http://www.redfin.com/CA/Alhambra/1011-N-Stoneman-Ave-91801/unit-8/home/7009623,CRMLS,WS20011480,N,Y,34.1048216,-118.1329386
MLS Listing,,Condo/Co-op,1020 S Marengo Ave #3,Alhambra,CA,91803,500000,3,2.5,601 - Alhambra,1260,70416,1984,141,397,387,Active,,,http://www.redfin.com/CA/Alhambra/1020-S-Marengo-Ave-91803/unit-3/home/7025018,CRMLS,WS20011814,N,Y,34.080291,-118.1414086
MLS Listing,,Condo/Co-op,228 S Olive Ave Unit A103,Alhambra,CA,91801,450000,2,2.0,601 - Alhambra,850,69332,2009,147,529,259,Active,,,http://www.redfin.com/CA/Alhambra/228-S-Olive-Ave-91801/unit-A103/home/26849796,CRMLS,WS20007613,N,Y,34.0880109,-118.1353103
MLS Listing,,Single Family Residential,9234 Key West St,Temple City,CA,91780,938000,3,2.5,661 - Temple City,1703,7094,1951,149,551,,Active,,,http://www.redfin.com/CA/Temple-City/9234-W-St-91780/home/8010692,CRMLS,WS20006145,N,Y,34.0917067,-118.0657418
MLS Listing,,Single Family Residential,10153 Green St,Temple City,CA,91780,1375000,4,4.0,Temple City,3445,10174,2005,149,399,,Active,,,http://www.redfin.com/CA/Temple-City/10153-Green-St-91780/home/8005895,PFAR,820000120,N,Y,34.0972756,-118.0459845
MLS Listing,,Multi-Family (2-4 Unit),2718 Muscatel Ave,Rosemead,CA,91770,679000,8,4.0,651 - Rosemead/S. San Gabriel,2700,6773,1938,150,251,,Active,,,http://www.redfin.com/CA/Rosemead/2718-Muscatel-Ave-91770/home/6989839,CRISNet,SR20005305,N,Y,34.0612933,-118.0769457
MLS Listing,,Vacant Land,2429 Central Ave,South El Monte,CA,91733,2300000,,,657 - So. El Monte,,30217,,150,,,Active,,,http://www.redfin.com/CA/South-El-Monte/2429-Central-Ave-91733/home/160504979,CRMLS,AR20004862,N,Y,34.0519548,-118.0467339
MLS Listing,,Condo/Co-op,110 N Atlantic Blvd Unit A,Alhambra,CA,91801,520000,3,2.0,601 - Alhambra,1204,24258,1992,155,432,226,Active,,,http://www.redfin.com/CA/Alhambra/110-N-Atlantic-Blvd-91801/unit-A/home/7019023,CRMLS,TR20001757,N,Y,34.0931217,-118.1344868
MLS Listing,,Condo/Co-op,505 N 3rd St Unit C,Alhambra,CA,91801,658000,3,3.0,601 - Alhambra,1758,37647,1992,161,374,258,Active,,,http://www.redfin.com/CA/Alhambra/505-N-3rd-St-91801/unit-C/home/7018917,CRMLS,TR19286199,N,Y,34.0985506,-118.1337071
MLS Listing,,Single Family Residential,611 6th,Alhambra,CA,91801,799999,5,3.0,601 - Alhambra,2000,7325,1910,176,400,,Active,,,http://www.redfin.com/CA/Alhambra/611-S-6th-St-91801/home/7024323,CRMLS,WS19281031,N,Y,34.085926,-118.129717
MLS Listing,,Multi-Family (5+ Unit),1720 Acacia,Alhambra,CA,91801,1500000,50,75.0,601 - Alhambra,6000,10000,1923,183,250,,Active,,,http://www.redfin.com/CA/Alhambra/1720-Acacia-St-91801/home/7019998,CRMLS,AR19276849,N,Y,34.089778,-118.143015
MLS Listing,,Multi-Family (2-4 Unit),1138 1136 S Chapel Ave,Alhambra,CA,91801,948000,3,2.0,601 - Alhambra,1767,8368,1927,193,537,,Active,,,http://www.redfin.com/CA/Alhambra/1136-S-Chapel-Ave-91801/home/7023884,CRMLS,AR19272172,N,Y,34.0814011,-118.1196088
MLS Listing,,Single Family Residential,9226 Live Oak Ave,Temple City,CA,91780,1938000,4,4.5,661 - Temple City,3824,9500,2020,213,507,,Active,,,http://www.redfin.com/CA/Temple-City/9226-Live-Oak-Ave-91780/home/8008356,CRMLS,AR19259894,N,Y,34.1017029,-118.0669597
MLS Listing,,Single Family Residential,9409 Olive St,Temple City,CA,91780,1680000,3,2.0,661 - Temple City,1726,18881,1948,218,973,,Active,,,http://www.redfin.com/CA/Temple-City/9409-Olive-St-91780/home/8009207,CRMLS,WS19256066,N,Y,34.0974768,-118.0645985
MLS Listing,,Condo/Co-op,428 W Main St Unit 3D,Alhambra,CA,91801,689000,2,2.0,601 - Alhambra,1430,28567,2012,220,482,308,Active,,,http://www.redfin.com/CA/Alhambra/428-W-Main-St-91801/unit-3D/home/51586325,CRMLS,WS19254717,N,Y,34.0925954,-118.1318253
MLS Listing,,Multi-Family (2-4 Unit),3027 Earle Ave,Rosemead,CA,91770,950000,5,3.0,651 - Rosemead/S. San Gabriel,2066,6593,1953,232,460,,Active,,,http://www.redfin.com/CA/Rosemead/3027-Earle-Ave-91770/home/6993052,CRMLS,AR19246633,N,Y,34.063516,-118.085401
MLS Listing,,Multi-Family (2-4 Unit),2708 Lashbrook Ave,South El Monte,CA,91733,1148000,9,4.0,657 - So. El Monte,3364,8048,1948,233,341,,Active,,,http://www.redfin.com/CA/South-El-Monte/2708-Lashbrook-Ave-91733/home/7794572,CRMLS,WS19245691,N,Y,34.061098,-118.06246
MLS Listing,,Condo/Co-op,4435 ellis Ln,Temple City,CA,91780,888000,4,3.0,661 - Temple City,2136,19602,2015,236,416,138,Active,,,http://www.redfin.com/CA/Temple-City/4435-Ellis-Ln-91780/home/101820986,CRMLS,AR19242362,N,Y,34.0881618,-118.0559098
MLS Listing,,Condo/Co-op,200 N 5th St #105,Alhambra,CA,91801,399888,1,1.0,601 - Alhambra,700,22628,2003,243,571,164,Active,,,http://www.redfin.com/CA/Alhambra/200-N-5th-St-91801/unit-105/home/8137532,CRMLS,PF19237047,N,Y,34.0949034,-118.133361
MLS Listing,,Multi-Family (5+ Unit),217 221 S Atlantic Blvd,Alhambra,CA,91801,3595000,17,14.0,601 - Alhambra,6604,15000,1928,248,544,,Active,,,http://www.redfin.com/CA/Alhambra/221-S-Atlantic-Blvd-91801/home/7020632,CRISNet,SR19233944,N,Y,34.0883877,-118.1348748
MLS Listing,,Single Family Residential,7205 Toll Dr,Rosemead,CA,91770,1168000,1,1.0,Rosemead/S. San Gabriel,532,60904,1939,255,2195,,Active,,,http://www.redfin.com/CA/Rosemead/7205-Toll-Dr-91770/home/21915056,PFAR,819004481,N,Y,34.0502777,-118.1079587
MLS Listing,,Single Family Residential,314 E Mission Rd #2,San Gabriel,CA,91776,998888,5,4.0,654 - San Gabriel,2558,17764,2019,264,390,,Active,,,http://www.redfin.com/CA/San-Gabriel/314-E-Mission-Rd-91776/unit-2/home/169082915,CRMLS,AR19221537,N,Y,34.0928279,-118.096791
MLS Listing,,Townhouse,314 E Mission Rd #4,San Gabriel,CA,91776,830000,3,3.0,654 - San Gabriel,2087,17764,2019,264,398,,Active,,,http://www.redfin.com/CA/San-Gabriel/314-E-Mission-Rd-91776/unit-4/home/169082429,CRMLS,AR19221516,N,Y,34.0928279,-118.096791
MLS Listing,,Townhouse,314 E Mission Rd #3,San Gabriel,CA,91776,868888,4,3.0,654 - San Gabriel,2195,17764,2019,264,396,,Active,,,http://www.redfin.com/CA/San-Gabriel/314-E-Mission-Rd-91776/unit-3/home/169082163,CRMLS,AR19221418,N,Y,34.0928279,-118.096791
MLS Listing,,Vacant Land,9825 Marshall St,El Monte,CA,91731,80000,,,El Monte,,3581,,274,,,Active,,,http://www.redfin.com/CA/El-Monte/9825-Marshall-St-91731/home/168936191,TheMLS,19-508198,N,Y,34.075804,-118.055382
MLS Listing,,Multi-Family (2-4 Unit),329 S Arroyo Dr,San Gabriel,CA,91776,1300000,4,4.0,654 - San Gabriel,2838,14473,1948,276,458,,Active,,,http://www.redfin.com/CA/San-Gabriel/329-S-Arroyo-Dr-91776/home/7021921,CRMLS,WS19210652,N,Y,34.0969349,-118.1127708
MLS Listing,,Multi-Family (2-4 Unit),2012 Brighton St,San Gabriel,CA,91776,1980000,10,9.0,654 - San Gabriel,4936,15889,1988,295,401,,Active,,,http://www.redfin.com/CA/San-Gabriel/2012-Brighton-St-91776/unit-C/home/7037506,CRMLS,AR19181070,N,Y,34.0727601,-118.0979341
MLS Listing,,Multi-Family (5+ Unit),328 E Live Oak St,San Gabriel,CA,91776,8750000,31,30.0,654 - San Gabriel,17902,25337,2020,301,489,225,Active,,,http://www.redfin.com/CA/San-Gabriel/328-E-Live-Oak-St-91776/home/7035490,CRMLS,AR19191497,N,Y,34.1010973,-118.0957394
MLS Listing,,Single Family Residential,415 E Norwood Pl,Alhambra,CA,91801,630000,2,1.0,601 - Alhambra,932,3532,1948,309,676,,Active,,,http://www.redfin.com/CA/Alhambra/415-Norwood-Pl-91801/home/7030155,CRMLS,TR19181126,N,Y,34.0762915,-118.117457
MLS Listing,,Single Family Residential,9524 Live Oak Ave,Temple City,CA,91780,1288800,4,4.0,661 - Temple City,2758,11565,1992,646,467,,Active,,,http://www.redfin.com/CA/Temple-City/9524-Live-Oak-Ave-91780/home/8008557,CRMLS,AR18212153,N,Y,34.1020356,-118.0620375
MLS Listing,,Single Family Residential,9518 Live Oak Ave,Temple City,CA,91780,1858800,5,5.0,661 - Temple City,4458,13349,1992,646,417,,Active,,,http://www.redfin.com/CA/Temple-City/9518-Live-Oak-Ave-91780/home/8008556,CRMLS,AR18212091,N,Y,34.1024392,-118.0621061
MLS Listing,,Multi-Family (5+ Unit),114 S Marguerita Ave,Alhambra,CA,91801,2260000,12,7.0,601 - Alhambra,5502,7550,1978,1139,411,,Active,,,http://www.redfin.com/CA/Alhambra/114-Marguerita-Ave-91801/home/7020581,i-Tech MLS,317003525,N,Y,34.0896694,-118.1379376
New Construction Plan,,Multi-Family (2-4 Unit),Residence 3,Alhambra,CA,91801,835990,4,3.5,Woodhaven,1640,,,,510,,Active,,,http://www.redfin.com/CA/Alhambra/Woodhaven/Residence-3/home/170543530,NewHomeSource.com,Plan-121771702,N,Y,34.0750619,-118.141129
New Construction Plan,,Multi-Family (2-4 Unit),Residence 2,Alhambra,CA,91801,825990,4,3.5,Woodhaven,1613,,,,512,,Active,,,http://www.redfin.com/CA/Alhambra/Woodhaven/Residence-2/home/170543531,NewHomeSource.com,Plan-121771701,N,Y,34.0750619,-118.141129
New Construction Plan,,Multi-Family (2-4 Unit),Residence 1,Alhambra,CA,91801,815990,3,3.5,Woodhaven,1598,,,,511,,Active,,,http://www.redfin.com/CA/Alhambra/Woodhaven/Residence-1/home/170543532,NewHomeSource.com,Plan-121771700,N,Y,34.0750619,-118.141129
